{"stats":{"minecraft:mined":{"minecraft:grass":1,"minecraft:birch_log":1,"minecraft:tall_grass":1,"minecraft:dark_oak_log":2},"minecraft:killed":{"minecraft:sheep":4,"minecraft:pig":1,"minecraft:chicken":1},"minecraft:picked_up":{"minecraft:birch_log":1,"minecraft:feather":2,"minecraft:chicken":1,"minecraft:dandelion":2,"minecraft:wheat_seeds":2,"minecraft:porkchop":2,"minecraft:mutton":6,"minecraft:dark_oak_log":2,"minecraft:white_wool":4},"minecraft:used":{"minecraft:flint_and_steel":2,"minecraft:crafting_table":1,"minecraft:white_bed":1,"minecraft:obsidian":16},"minecraft:crafted":{"minecraft:white_bed":1,"minecraft:dark_oak_planks":8,"minecraft:birch_planks":4,"minecraft:crafting_table":1,"minecraft:flint_and_steel":1},"minecraft:custom":{"minecraft:time_since_rest":5479,"minecraft:play_time":13704,"minecraft:sprint_one_cm":26500,"minecraft:damage_taken":30,"minecraft:walk_one_cm":44157,"minecraft:sneak_time":15,"minecraft:mob_kills":6,"minecraft:drop":2,"minecraft:jump":217,"minecraft:damage_dealt":460,"minecraft:leave_game":3,"minecraft:time_since_death":13704,"minecraft:sleep_in_bed":1,"minecraft:total_world_time":13704,"minecraft:interact_with_crafting_table":2,"minecraft:fall_one_cm":3518,"minecraft:fly_one_cm":55717},"minecraft:dropped":{"minecraft:mutton":1,"minecraft:obsidian":1}},"DataVersion":2975}