{"stats":{"minecraft:mined":{"minecraft:birch_log":1,"minecraft:tall_grass":1,"minecraft:grass":1},"minecraft:picked_up":{"minecraft:mutton":6,"minecraft:white_wool":4,"minecraft:birch_log":1},"minecraft:killed":{"minecraft:sheep":4},"minecraft:crafted":{"minecraft:birch_planks":4,"minecraft:crafting_table":1},"minecraft:custom":{"minecraft:jump":66,"minecraft:time_since_rest":3387,"minecraft:damage_dealt":320,"minecraft:leave_game":1,"minecraft:play_time":3387,"minecraft:sprint_one_cm":7819,"minecraft:time_since_death":3387,"minecraft:walk_one_cm":11132,"minecraft:total_world_time":3387,"minecraft:mob_kills":4,"minecraft:drop":1,"minecraft:fall_one_cm":1314,"minecraft:fly_one_cm":7168},"minecraft:dropped":{"minecraft:mutton":1}},"DataVersion":2975}