{"stats":{"minecraft:custom":{"minecraft:jump":35,"minecraft:time_since_rest":3690,"minecraft:damage_dealt":10,"minecraft:crouch_one_cm":80,"minecraft:sprint_one_cm":5198,"minecraft:play_time":3690,"minecraft:damage_taken":50,"minecraft:time_since_death":3690,"minecraft:walk_one_cm":5897,"minecraft:sneak_time":32,"minecraft:total_world_time":3690,"minecraft:fall_one_cm":1019,"minecraft:fly_one_cm":31850},"minecraft:mined":{"minecraft:grass":1},"minecraft:used":{"minecraft:flint_and_steel":6,"minecraft:obsidian":14}},"DataVersion":2975}