{"stats":{"minecraft:picked_up":{"minecraft:gray_wool":1,"minecraft:mutton":5,"minecraft:white_wool":2,"minecraft:birch_log":7},"minecraft:crafted":{"minecraft:birch_planks":24},"minecraft:mined":{"minecraft:birch_log":7,"minecraft:grass":1,"minecraft:birch_leaves":2,"minecraft:oak_leaves":2},"minecraft:custom":{"minecraft:jump":177,"minecraft:time_since_rest":5727,"minecraft:damage_dealt":233,"minecraft:sprint_one_cm":9959,"minecraft:play_time":5727,"minecraft:damage_taken":90,"minecraft:time_since_death":5727,"minecraft:walk_one_cm":7571,"minecraft:total_world_time":5727,"minecraft:mob_kills":3,"minecraft:fall_one_cm":4742,"minecraft:fly_one_cm":24139},"minecraft:killed":{"minecraft:sheep":3},"minecraft:used":{"minecraft:birch_log":1,"alexsmobs:animal_dictionary":1}},"DataVersion":3465}