{"stats":{"minecraft:picked_up":{"minecraft:birch_log":7,"tombstone:grave_key":1,"minecraft:gray_wool":1,"minecraft:oak_sapling":1,"minecraft:mutton":5,"minecraft:dirt":2,"minecraft:white_wool":2},"minecraft:crafted":{"minecraft:birch_planks":24,"minecraft:crafting_table":1},"minecraft:mined":{"minecraft:grass":2,"minecraft:grass_block":2,"minecraft:birch_log":7,"minecraft:birch_leaves":3,"minecraft:oak_leaves":25},"minecraft:dropped":{"tombstone:grave_key":1},"minecraft:custom":{"minecraft:time_since_rest":705,"minecraft:play_time":21037,"minecraft:sprint_one_cm":30819,"minecraft:deaths":3,"minecraft:damage_taken":745,"minecraft:walk_one_cm":38778,"minecraft:sneak_time":6,"minecraft:walk_under_water_one_cm":1055,"minecraft:mob_kills":3,"minecraft:drop":1,"minecraft:leave_game":1,"minecraft:jump":605,"minecraft:damage_dealt":269,"minecraft:walk_on_water_one_cm":9215,"minecraft:time_since_death":0,"minecraft:total_world_time":21037,"minecraft:swim_one_cm":4501,"minecraft:fall_one_cm":21853,"minecraft:fly_one_cm":74250},"minecraft:killed":{"minecraft:sheep":3},"minecraft:killed_by":{"mowziesmobs:naga":1,"enemyexpansion:wasp":1},"minecraft:used":{"minecraft:mutton":4,"minecraft:birch_log":1,"tombstone:gift":1,"alexsmobs:animal_dictionary":1}},"DataVersion":3465}