{"stats":{"minecraft:picked_up":{"minecraft:porkchop":2,"minecraft:oak_log":2,"minecraft:egg":1},"minecraft:mined":{"minecraft:grass":3,"minecraft:oak_log":1},"minecraft:dropped":{"minecraft:oak_log":1},"minecraft:custom":{"minecraft:time_since_rest":1,"minecraft:crouch_one_cm":91,"minecraft:deaths":1,"minecraft:play_time":11519,"minecraft:sprint_one_cm":40644,"minecraft:damage_taken":250,"minecraft:walk_one_cm":73135,"minecraft:sneak_time":190,"minecraft:walk_under_water_one_cm":1317,"minecraft:mob_kills":1,"minecraft:drop":1,"minecraft:jump":265,"minecraft:damage_dealt":101,"minecraft:leave_game":1,"minecraft:walk_on_water_one_cm":1271,"minecraft:time_since_death":1216,"minecraft:total_world_time":11519,"minecraft:fall_one_cm":7357,"minecraft:fly_one_cm":20614},"minecraft:killed_by":{"born_in_chaos_v1:corpse_fish":1},"minecraft:killed":{"minecraft:pig":1},"minecraft:used":{"alexsmobs:animal_dictionary":2}},"DataVersion":3465}